--
-- PostgreSQL database dump
--

\restrict YW5y6zdYWasAZAj64IKBRKFh7b4OzcJHs1VOku8a8BmpZj9kdtFvNAbcwFdqyRG

-- Dumped from database version 15.17 (Debian 15.17-1.pgdg13+1)
-- Dumped by pg_dump version 15.17 (Debian 15.17-1.pgdg13+1)

SET statement_timeout = 0;
SET lock_timeout = 0;
SET idle_in_transaction_session_timeout = 0;
SET client_encoding = 'UTF8';
SET standard_conforming_strings = on;
SELECT pg_catalog.set_config('search_path', '', false);
SET check_function_bodies = false;
SET xmloption = content;
SET client_min_messages = warning;
SET row_security = off;

SET default_tablespace = '';

SET default_table_access_method = heap;

--
-- Name: alumno; Type: TABLE; Schema: public; Owner: postgres
--

CREATE TABLE public.alumno (
    id bigint NOT NULL,
    apellido character varying(255),
    email character varying(255),
    fecha_nacimiento date,
    nombre character varying(255)
);


ALTER TABLE public.alumno OWNER TO postgres;

--
-- Name: alumno_id_seq; Type: SEQUENCE; Schema: public; Owner: postgres
--

ALTER TABLE public.alumno ALTER COLUMN id ADD GENERATED BY DEFAULT AS IDENTITY (
    SEQUENCE NAME public.alumno_id_seq
    START WITH 1
    INCREMENT BY 1
    NO MINVALUE
    NO MAXVALUE
    CACHE 1
);


--
-- Name: materia; Type: TABLE; Schema: public; Owner: postgres
--

CREATE TABLE public.materia (
    id bigint NOT NULL,
    codigo character varying(255),
    creditos integer,
    nombre character varying(255)
);


ALTER TABLE public.materia OWNER TO postgres;

--
-- Name: materia_id_seq; Type: SEQUENCE; Schema: public; Owner: postgres
--

ALTER TABLE public.materia ALTER COLUMN id ADD GENERATED BY DEFAULT AS IDENTITY (
    SEQUENCE NAME public.materia_id_seq
    START WITH 1
    INCREMENT BY 1
    NO MINVALUE
    NO MAXVALUE
    CACHE 1
);


--
-- Name: nota; Type: TABLE; Schema: public; Owner: postgres
--

CREATE TABLE public.nota (
    id bigint NOT NULL,
    fecha_registro date,
    valor double precision,
    alumno_id bigint,
    materia_id bigint
);


ALTER TABLE public.nota OWNER TO postgres;

--
-- Name: nota_id_seq; Type: SEQUENCE; Schema: public; Owner: postgres
--

ALTER TABLE public.nota ALTER COLUMN id ADD GENERATED BY DEFAULT AS IDENTITY (
    SEQUENCE NAME public.nota_id_seq
    START WITH 1
    INCREMENT BY 1
    NO MINVALUE
    NO MAXVALUE
    CACHE 1
);


--
-- Data for Name: alumno; Type: TABLE DATA; Schema: public; Owner: postgres
--

COPY public.alumno (id, apellido, email, fecha_nacimiento, nombre) FROM stdin;
1	Pérez	juan@mail.com	2000-05-10	Juan
2	Gómez	maria@mail.com	1999-08-14	María
3	Rodríguez	carlos@mail.com	2001-02-20	Carlos
4	Martínez	laura@mail.com	2000-11-03	Laura
5	López	andres@mail.com	1998-07-19	Andrés
6	Ramírez	sofia@mail.com	2002-01-25	Sofía
7	Hernández	daniel@mail.com	2000-09-09	Daniel
8	Torres	valentina@mail.com	1999-12-30	Valentina
9	Díaz	mateo@mail.com	2001-06-15	Mateo
10	Vargas	camila@mail.com	2000-03-22	Camila
11	Morales	sebastian@mail.com	1998-10-10	Sebastián
12	Castro	isabella@mail.com	2001-04-18	Isabella
13	Ortiz	nicolas@mail.com	2000-01-05	Nicolás
14	Rojas	paula@mail.com	1999-05-27	Paula
15	Silva	miguel@mail.com	2002-08-08	Miguel
16	Mendoza	sara@mail.com	2001-11-11	Sara
17	Cruz	david@mail.com	1998-04-04	David
18	Reyes	natalia@mail.com	2000-12-12	Natalia
19	Guerrero	javier@mail.com	1999-09-09	Javier
20	Flores	elena@mail.com	2002-02-02	Elena
\.


--
-- Data for Name: materia; Type: TABLE DATA; Schema: public; Owner: postgres
--

COPY public.materia (id, codigo, creditos, nombre) FROM stdin;
1	MAT101	4	Matemáticas
2	PROG101	3	Programación I
3	PROG102	4	Programación II
4	ED201	4	Estructuras de Datos
5	BD301	4	Bases de Datos
6	SO202	3	Sistemas Operativos
7	RED303	3	Redes de Computadores
8	IS401	4	Ingeniería de Software
9	ARQ402	3	Arquitectura de Software
10	MD101	3	Matemáticas Discretas
11	CALC201	4	Cálculo Diferencial
\.


--
-- Data for Name: nota; Type: TABLE DATA; Schema: public; Owner: postgres
--

COPY public.nota (id, fecha_registro, valor, alumno_id, materia_id) FROM stdin;
1	2026-04-24	4.5	1	1
2	2026-03-18	4.5	1	1
3	2026-02-11	3.8	2	2
4	2026-01-29	4.2	3	3
5	2026-01-29	4.2	3	3
6	2026-04-03	5	4	4
7	2026-03-07	3.5	5	5
8	2026-02-25	4	6	6
9	2026-01-14	4.7	7	7
10	2026-03-30	3.9	8	8
11	2026-04-12	4.3	9	9
12	2026-02-08	4.8	10	10
13	2026-01-19	3.2	11	2
14	2026-02-27	4.1	12	3
15	2026-03-22	4.6	13	4
16	2026-04-01	3.7	14	5
17	2026-01-06	4.9	15	6
18	2026-02-19	4	16	7
19	2026-03-11	3.6	17	8
20	2026-04-05	4.4	18	9
21	2026-01-23	4.2	19	10
22	2026-03-28	3.9	20	1
\.


--
-- Name: alumno_id_seq; Type: SEQUENCE SET; Schema: public; Owner: postgres
--

SELECT pg_catalog.setval('public.alumno_id_seq', 20, true);


--
-- Name: materia_id_seq; Type: SEQUENCE SET; Schema: public; Owner: postgres
--

SELECT pg_catalog.setval('public.materia_id_seq', 11, true);


--
-- Name: nota_id_seq; Type: SEQUENCE SET; Schema: public; Owner: postgres
--

SELECT pg_catalog.setval('public.nota_id_seq', 22, true);


--
-- Name: alumno alumno_pkey; Type: CONSTRAINT; Schema: public; Owner: postgres
--

ALTER TABLE ONLY public.alumno
    ADD CONSTRAINT alumno_pkey PRIMARY KEY (id);


--
-- Name: materia materia_pkey; Type: CONSTRAINT; Schema: public; Owner: postgres
--

ALTER TABLE ONLY public.materia
    ADD CONSTRAINT materia_pkey PRIMARY KEY (id);


--
-- Name: nota nota_pkey; Type: CONSTRAINT; Schema: public; Owner: postgres
--

ALTER TABLE ONLY public.nota
    ADD CONSTRAINT nota_pkey PRIMARY KEY (id);


--
-- Name: nota fkhehbxqsgubm999qet6vs9mxgg; Type: FK CONSTRAINT; Schema: public; Owner: postgres
--

ALTER TABLE ONLY public.nota
    ADD CONSTRAINT fkhehbxqsgubm999qet6vs9mxgg FOREIGN KEY (alumno_id) REFERENCES public.alumno(id);


--
-- Name: nota fkku2j7w49m37wgr827n4i80wvp; Type: FK CONSTRAINT; Schema: public; Owner: postgres
--

ALTER TABLE ONLY public.nota
    ADD CONSTRAINT fkku2j7w49m37wgr827n4i80wvp FOREIGN KEY (materia_id) REFERENCES public.materia(id);


--
-- PostgreSQL database dump complete
--

\unrestrict YW5y6zdYWasAZAj64IKBRKFh7b4OzcJHs1VOku8a8BmpZj9kdtFvNAbcwFdqyRG

